user_id,first_name,last_name,email,password
1,'Nils', 'Mak', 'nils.mak@gmail.com', 'test'
2,'Lawrence','Richards','lrichards1@gizmodo.com','Cc9Ib8RSt'
3,'Justin','Evans','jevans2@hatena.ne.jp','Rq2xbii'
4,'Jacqueline','Rice','jrice3@yale.edu','GuemqFT95D'
5,'Kenneth','Andrews','kandrews4@cocolog-nifty.com','Qj7jwlVBToL'
6,'Adam','Gordon','agordon5@slashdot.org','juIhqWSlZV'
7,'Sharon','Torres','storres6@plala.or.jp','hMJAjhi'
8,'Norma','Coleman','ncoleman7@bloglines.com','SmzOpcUt8AZK'
9,'Diana','Meyer','dmeyer8@desdev.cn','2LlcpbGqN'
10,'Katherine','Hanson','khanson9@devhub.com','rZUIPz99J'
11,'Ernest','Murray','emurraya@usatoday.com','omsLxZT029'
12,'Antonio','Brown','abrownb@wikimedia.org','te25kj'
13,'Melissa','Harvey','mharveyc@ed.gov','xFymWTQYn'
14,'Stephanie','West','swestd@foxnews.com','FmJ9LWLhl5I'
15,'Walter','Carpenter','wcarpentere@archive.org','qipnJxYSvH'
16,'Justin','Phillips','jphillipsf@ca.gov','PJKTqAkMY21'
17,'Julia','Ruiz','jruizg@g.co','UWD02Qu4'
18,'Wayne','Ryan','wryanh@statcounter.com','TXYW2Lcm'
19,'Angela','Lynch','alynchi@livejournal.com','aOKq2NQ'
20,'Bobby','Griffin','bgriffinj@youtube.com','GwaVz1D'
21,'Jack','Rodriguez','jrodriguezk@elegantthemes.com','WVZnKm'
22,'Russell','Crawford','rcrawfordl@mtv.com','0k5sySIuPJO'
23,'Heather','Jacobs','hjacobsm@japanpost.jp','V0pG6Dq'
24,'Antonio','Gordon','agordonn@skype.com','cRHR6KDqife'
25,'Bonnie','Sullivan','bsullivano@barnesandnoble.com','HgfwgzGKfha'
26,'Roger','Ward','rwardp@lulu.com','0HZE9CPwbw'
27,'Barbara','Bishop','bbishopq@webs.com','NMHttIHvQ'
28,'Amanda','Gonzales','agonzalesr@godaddy.com','JJ4Oji'
29,'Carol','Hanson','chansons@japanpost.jp','OLv2FK4WsX9l'
30,'Marilyn','Allen','mallent@networkadvertising.org','1vktLN3q9zck'
